{"cameraMode":{"drawMode":0,"name":"Shaded","section":"Shading Mode"},"sceneLighting":false,"audioPlay":false,"sceneViewState":{"showFog":true,"showMaterialUpdate":false,"showSkybox":false,"showFlares":true,"showImageEffects":true,"showParticleSystems":true},"in2DMode":false,"pivot":{"x":-48.20967102050781,"y":-0.5473122000694275,"z":-43.2545051574707},"rotation":{"x":-0.236239492893219,"y":-0.06821749359369278,"z":0.017132122069597245,"w":-0.9692357778549194},"size":1.1866662502288819,"orthographic":false}