{"cameraMode":{"drawMode":0,"name":"Shaded","section":"Shading Mode"},"sceneLighting":false,"audioPlay":false,"sceneViewState":{"showFog":true,"showMaterialUpdate":false,"showSkybox":false,"showFlares":true,"showImageEffects":true,"showParticleSystems":true},"in2DMode":false,"pivot":{"x":-0.4397697448730469,"y":5.987690448760986,"z":0.3735923767089844},"rotation":{"x":0.00900664646178484,"y":-0.00814441405236721,"z":0.0018521284218877555,"w":-1.000159740447998},"size":38.57149887084961,"orthographic":false}