{"cameraMode":{"drawMode":0,"name":"Shaded","section":"Shading Mode"},"sceneLighting":false,"audioPlay":false,"sceneViewState":{"showFog":true,"showMaterialUpdate":false,"showSkybox":false,"showFlares":true,"showImageEffects":true,"showParticleSystems":true},"in2DMode":false,"pivot":{"x":-0.3182169198989868,"y":2.070199489593506,"z":-0.2832852602005005},"rotation":{"x":-0.00869892816990614,"y":-0.9840387105941773,"z":0.17054855823516847,"w":-0.05024004355072975},"size":9.890907287597657,"orthographic":false}