{"cameraMode":{"drawMode":0,"name":"Shaded","section":"Shading Mode"},"sceneLighting":false,"audioPlay":false,"sceneViewState":{"showFog":true,"showMaterialUpdate":false,"showSkybox":false,"showFlares":true,"showImageEffects":true,"showParticleSystems":true},"in2DMode":false,"pivot":{"x":2.9558186531066896,"y":11.124711990356446,"z":2.3633716106414797},"rotation":{"x":-0.00869892816990614,"y":-0.9840387105941773,"z":0.17054855823516847,"w":-0.05024004355072975},"size":55.57545471191406,"orthographic":false}