{"cameraMode":{"drawMode":0,"name":"Shaded","section":"Shading Mode"},"sceneLighting":false,"audioPlay":false,"sceneViewState":{"showFog":true,"showMaterialUpdate":false,"showSkybox":false,"showFlares":true,"showImageEffects":true,"showParticleSystems":true},"in2DMode":false,"pivot":{"x":-0.03929567337036133,"y":11.293575286865235,"z":0.2774076461791992},"rotation":{"x":-0.00869892816990614,"y":-0.9840387105941773,"z":0.17054855823516847,"w":-0.05024004355072975},"size":52.604644775390628,"orthographic":false}